<DEPLETION_INPUT>
  <title>Benchmark - Kord</title>
  <Control_parameters>
    <calculation_control>
      <standalone>no</standalone>
      <calc_type>2</calc_type>
      <exp_method>CRAM</exp_method>
      <method_order>14</method_order>
      <spectrum_type>thermal</spectrum_type>
      <decay_heat_type>1</decay_heat_type>
      <burn_up>3</burn_up>
      <total_power core_p="t">MW</total_power>
      <multi_cycle_control NTP="4">
          <shuffle filename="shuffle_Input.xml" num_shuffle="3">
              <cycle eoc="1" scheme="PWR1"></cycle>
              <cycle eoc="2" scheme="PWR2"></cycle>
              <cycle eoc="3" scheme="PWR3"></cycle>
          </shuffle>
      </multi_cycle_control>
      <n_tab_interval>2</n_tab_interval>
      <power_history>
       1.0
       1.0
      </power_history>
      <sep_eff_control>1</sep_eff_control>
    </calculation_control>
    <output_control>
      <plot_input>f</plot_input>
      <plot_type>2</plot_type>
      <extra_plot>1</extra_plot>
      <average_bu>t</avarage_bu>
      <time_step_skip_out>2</time_step_skip_out>
      <output_representation>user</output_representation>
    </output_control>
    <time_control>
      <tab_time_step>
       1
       1
      </tab_time_step>
      <tabulation_boundaries>
        <low>
         0.0
         344.0
       </low>
        <up>
         344.0 352.0
        </up>
      </tabulation_boundaries>
      <cycle_parameters>
        <cycle_lenght>352.0</cycle_lenght>
        <begin_life>0.0</begin_life>
        <end_life>352.0</end_life>       
      </cycle_parameters>      
    </time_control>
  </Control_parameters>
</DEPLETION_INPUT>