<INSTANT_INPUTS>
  <Control_parameters>
     <title>=== Kord Benchmark HFP ===</title>
     <calcul_typ>1</calcul_typ>
     <power>3411000000</power>
  </Control_parameters>
  <Output_controls>
     <momprod>0</momprod>
     <vtkgen>0</vtkgen>
     <dbgmat>f</dbgmat>
     <flxgen>f</flxgen>
  </Output_controls>
  <Mesh>
     <pn>1</pn>
     <pint>4</pint>
     <psurf>1</psurf>
     <psour>4</psour>
  </Mesh>
  <IterativeSolver>
     <tacc_typ>1</tacc_typ>
     <oacc_typ>1</oacc_typ>
     <iacc_typ>1</iacc_typ>
     <epsquant>1.0000000E-04</epsquant>
     <epskeff>1.0E-04</epskeff>
     <epsthml>1.0E-04</epsthml>
     <epsflux>9.0E-03</epsflux>
     <epsinner>1.0E-4</epsinner>
     <facinner>1.0E-2</facinner>     
     <keff0>1.0</keff0>
     <echo>1</echo>
     <xyzsplit>true</xyzsplit>
     <inreb>true</inreb>
     <maxinner>1000</maxinner>
     <PNinner>0</PNinner>
     <omegaon>t</omegaon>
     <maxouter>1500</maxouter>
     <facthml>10e-2</facthml>
  </IterativeSolver>
  <Geometry>
  <BC>
    0  0
    0  0
    0  0
   </BC>
    <ProcessorID>
   999
   </ProcessorID>
  </Geometry>
</INSTANT_INPUTS>

<PHISICS_AD>
   <xs_tol>0.1</xs_tol>
   <BURN_TH>T</BURN_TH>
   <TH_between_BURN>
    10
   </TH_between_BURN>
   <VTK_pow>T</VTK_pow>
   <VTK_rpow>F</VTK_rpow>
   <VTK_pow_dens>F</VTK_pow_dens>
   <VTK_rpow_dens>F</VTK_rpow_dens>
   <VTK_isotopes>XE135 PU239 PU240 PU241</VTK_isotopes>
</PHISICS_AD>
