<mrtau_lib_inp_list default="f">
   <input type="1">
      <iso_list_inp>input/IsotopeList.dat</iso_list_inp>
      <mass_a_weight_inp>input/mass.inp</mass_a_weight_inp>
   </input>
   <libraries type="1">
      <decay_lib>library/decay.dat</decay_lib>
      <xs_sep_lib>library/budep.inp</xs_sep_lib>
      <fiss_yields_lib>library/FissionYield.dat</fiss_yields_lib>
      <fiss_q_values_lib>library/FissQValues.dat</fiss_q_values_lib>
      <cram_lib>library/CRAM_coeff_PF.dat</cram_lib>
   </libraries>
   <paths type="1">   
      <n_reactions>
         <n_gamma>path/N,G.path</n_gamma>
         <n_gamma_ex>path/N,Gx.path</n_gamma_ex>
         <n_2n>path/N,2N.path</n_2n>
         <n_p>path/N,P.path</n_p>
         <n_alpha>path/N,ALPHA.path</n_alpha>
      </n_reactions>
      <decay>
         <alpha>path/AlphaDecay.path</alpha>
         <beta>path/BetaDecay.path</beta>
         <beta_ex>path/BetaxDecay.path</beta_ex>
         <beta_plus>path/Beta+Decay.path</beta_plus>
         <beta_plus_ex>path/Beta+xDecay.path</beta_plus_ex>
         <int_tra>path/IntTraDecay.path</int_tra>
      </decay>      
   </paths>
   <output>
      <reactions>reactions.out</reactions>
      <atoms_plot>numbers.plot</atoms_plot>
      <atoms_csv>numbers.csv</atoms_csv>
      <decay_heat>DecayHeat.out</decay_heat>
      <bu_power>BuPower.out</bu_power>
      <flux>flux_out.out</flux>
      <repository>repository.out</repository>
   </output>
</mrtau_lib_inp_list>

! This file is the first xml input MRTAU reads
! in order to get the file paths and names
! default = "t" => the files are in the same folder in which MRTAU 
! is going to be run and their names are the default ones.
! In the depletion (xml format) input you can specify the
! folder in which this file is located.
!  Type 1 means standard MRTAU human readable format files
!  Type 2 means xml format (only supported for the control 
!  input file so far) 