<library base="=== Kord Benchmark HZP ===">
  <density_type>2</density_type>
  <print_out>t</print_out>
  <print_xml>t</print_xml>
  <mat_map_to_instant N_instant="7" N_mat="1">
    <mat id="fuel1" time_used="7">
    1 2 3 4 5 6 7
    </mat> 
  </mat_map_to_instant>
  
  <mat id="fuel1" used="true" fissile="true" lib_name="fuel_1">
  <isotope id="U234" density="1.17219E-07">
    <tab name="BURN-UP" value="0.0" />
    <tab name="fuel_temperature" value="800.00" />
    <tab name="mod_density" value="833.04" />
  </isotope>
  <isotope id="U235" density="1.53447E-05">
    <tab name="BURN-UP" value="0.0" />
    <tab name="fuel_temperature" value="800.00" />
    <tab name="mod_density" value="833.04" />
  </isotope>
  <isotope id="U238" density="2.41533E-04">
    <tab name="BURN-UP" value="0.0" />
    <tab name="fuel_temperature" value="800.00" />
    <tab name="mod_density" value="833.04" />
  </isotope>
  </mat>
  <mat id="fuel2" used="true" fissile="true" lib_name="fuel_1">
  <isotope id="U234" density="1.17219E-07">
    <tab name="BURN-UP" value="0.0" />
    <tab name="fuel_temperature" value="800.00" />
    <tab name="mod_density" value="833.04" />
  </isotope>
  <isotope id="U235" density="1.53447E-05">
    <tab name="BURN-UP" value="0.0" />
    <tab name="fuel_temperature" value="800.00" />
    <tab name="mod_density" value="833.04" />
  </isotope>
  <isotope id="U238" density="2.41533E-04">
    <tab name="BURN-UP" value="0.0" />
    <tab name="fuel_temperature" value="800.00" />
    <tab name="mod_density" value="833.04" />
  </isotope>
  </mat>
  
</library>
