<XS-library type="3" n_library_sets="1"> 
  <na_cut>0</na_cut>
  <library_set_info ID="1">        
      <tab_values N_tab="3">
        <BURN-UP>0.0</BURN-UP>
        <tab name="fuel_temperature">800.00</tab>
        <tab name="mod_density">833.04</tab>
        
      </tab_values>
  </library_set_info>
  
  <library_set ID="1" filename="ISOTXS000007" lib_name="fuel_1">  
     <BURNUP-STEP N="1" type="GWd" >
        <tabulation ID="0.0" P="1">
          <POINT ID="1">                                                     
            <tab name="fuel_temperature">800.00</tab>
            <tab name="mod_density">833.04</tab>
            
          </POINT>
 
         </tabulation>   
      </BURNUP-STEP>  
   </library_set>   
</XS-library>
